X--Trace 1::[V(vout)],Y--Trace 1::[V(vout)]
0,-0.874999999
1E-11,-0.874999996
2E-11,-0.874999989
4E-11,-0.874999968
8E-11,-0.874999884
1.6E-10,-0.874999548
3.2E-10,-0.874998204
6.4E-10,-0.874992828
0.000000001,-0.874982496
1.064E-09,-0.874980256
1.192E-09,-0.874975776
1.448E-09,-0.874966816
1.96E-09,-0.874948897
2.984E-09,-0.874913058
5.032E-09,-0.874841383
9.128E-09,-0.874698042
1.732E-08,-0.874411395
3.3704E-08,-0.873838242
6.6472E-08,-0.872692498
1.32008E-07,-0.870403263
2.6308E-07,-0.865833783
5.25224E-07,-0.856730663
1.04951E-06,-0.838666857
2.09809E-06,-0.803101588
4.19524E-06,-0.73416266
8.38954E-06,-0.604610139
1.67782E-05,-0.375584788
3.35554E-05,-0.016245324
5.85554E-05,0.340252805
8.35554E-05,0.554151683
0.000108555,0.68249101
0.000125001,0.73686715
0.000125001,0.736867376
0.000125001,0.736867729
0.000125002,0.736867834
0.000125002,0.736867387
0.000125002,0.736867208
0.000125002,0.73686685
0.000125003,0.736866135
0.000125003,0.736864703
0.000125004,0.736861839
0.000125007,0.736856112
0.000125012,0.736844658
0.000125022,0.736821755
0.000125043,0.736775962
0.000125084,0.736684433
0.000125166,0.736501599
0.00012533,0.736136828
0.000125657,0.73541086
0.000126313,0.733973106
0.000127623,0.731153399
0.000130245,0.725730073
0.000135488,0.715693942
0.000145973,0.698479146
0.000166945,0.673002581
0.000191945,0.653801548
0.000216945,0.642280929
0.000241945,0.635368557
0.00025,0.633822694
0.00025,0.633822726
0.00025,0.633822891
0.000250001,0.633823821
0.000250001,0.633825043
0.000250001,0.633825365
0.000250001,0.63382588
0.000250002,0.633826144
0.000250002,0.633824834
0.000250002,0.633824503
0.000250002,0.63382384
0.000250002,0.633822515
0.000250003,0.633819865
0.000250004,0.633814564
0.000250006,0.633803963
0.00025001,0.633782763
0.000250018,0.633740367
0.000250035,0.633655597
0.000250067,0.63348614
0.000250133,0.633147559
0.000250264,0.632471727
0.000250526,0.631125363
0.000251051,0.628453701
0.000252099,0.623193548
0.000254196,0.612997385
0.000258391,0.593836388
0.000266779,0.559963222
0.000283556,0.506816417
0.000308556,0.45408985
0.000333556,0.42245391
0.000358556,0.403472346
0.000375001,0.395430459
0.000375001,0.395430369
0.000375001,0.395430087
0.000375002,0.395428923
0.000375002,0.395427526
0.000375002,0.395427093
0.000375002,0.395426228
0.000375003,0.395424497
0.000375003,0.395421036
0.000375004,0.395414113
0.000375007,0.395400268
0.000375012,0.395372581
0.000375022,0.395317214
0.000375043,0.395206515
0.000375084,0.394985252
0.000375166,0.39454327
0.00037533,0.393661476
0.000375657,0.391906526
0.000376313,0.388430907
0.000377623,0.381614567
0.000380245,0.368504252
0.000385488,0.344242971
0.000395973,0.30262803
0.000416945,0.241041141
0.000441945,0.194624685
0.000466945,0.166774811
0.000491945,0.150064886
0.0005,0.146327927
0.0005,0.146328034
0.0005,0.146328549
0.000500001,0.146331378
0.000500001,0.146335075
0.000500001,0.146336113
0.000500001,0.146337933
0.000500002,0.146340036
0.000500002,0.146339584
0.000500002,0.146339237
0.000500002,0.146338543
0.000500002,0.146337153
0.000500003,0.146334375
0.000500004,0.146328818
0.000500006,0.146317705
0.00050001,0.146295479
0.000500018,0.146251034
0.000500035,0.146162165
0.000500067,0.145984514
0.000500133,0.145629562
0.000500264,0.144921051
0.000500526,0.143509588
0.000501051,0.140708745
0.000502099,0.135194252
0.000504196,0.124505083
0.000508391,0.104417609
0.000516779,0.068906601
0.000533556,0.013190031
0.000558556,-0.042085981
0.000583556,-0.075251589
0.000608556,-0.095150953
0.000625001,-0.103581683
0.000625001,-0.103581776
0.000625001,-0.103582061
0.000625002,-0.103583233
0.000625002,-0.103584636
0.000625002,-0.10358507
0.000625002,-0.103585939
0.000625003,-0.103587676
0.000625003,-0.10359115
0.000625004,-0.103598098
0.000625007,-0.103611993
0.000625012,-0.103639782
0.000625022,-0.103695351
0.000625043,-0.103806455
0.000625084,-0.104028525
0.000625166,-0.104472122
0.00062533,-0.105357137
0.000625657,-0.107118497
0.000626313,-0.110606813
0.000627623,-0.117448052
0.000630245,-0.130606257
0.000635488,-0.154956162
0.000645973,-0.196723117
0.000666945,-0.258534975
0.000691945,-0.305120985
0.000716945,-0.333072591
0.000741945,-0.349843554
0.00075,-0.353594165
0.00075,-0.353594158
0.00075,-0.353594043
0.000750001,-0.353593214
0.000750001,-0.353592068
0.000750001,-0.353591766
0.000750001,-0.353591291
0.000750002,-0.353591108
0.000750002,-0.353592528
0.000750002,-0.353592875
0.000750002,-0.35359357
0.000750002,-0.35359496
0.000750003,-0.353597739
0.000750004,-0.353603297
0.000750006,-0.353614413
0.00075001,-0.353636644
0.000750018,-0.353681101
0.000750035,-0.353769992
0.000750067,-0.353947687
0.000750133,-0.354302728
0.000750264,-0.355011416
0.000750526,-0.356423233
0.000751051,-0.359224776
0.000752099,-0.364740648
0.000754196,-0.375432493
0.000758391,-0.395524992
0.000766779,-0.431044885
0.000783556,-0.486775394
0.000808556,-0.542065236
0.000833556,-0.575239142
0.000858556,-0.595143485
0.000875001,-0.603576324
0.000875001,-0.603576416
0.000875001,-0.603576702
0.000875002,-0.603577873
0.000875002,-0.603579277
0.000875002,-0.603579711
0.000875002,-0.60358058
0.000875003,-0.603582317
0.000875003,-0.603585791
0.000875004,-0.603592739
0.000875007,-0.603606635
0.000875012,-0.603634424
0.000875022,-0.603689994
0.000875043,-0.6038011
0.000875084,-0.604023175
0.000875166,-0.60446678
0.00087533,-0.605351813
0.000875657,-0.607113208
0.000876313,-0.610601592
0.000877623,-0.617442967
0.000880245,-0.630601431
0.000885488,-0.654951817
0.000895973,-0.696719597
0.000916945,-0.758532675
0.000941945,-0.805119605
0.000966945,-0.833071763
0.000991945,-0.849843057
0.001,-0.853593742
0.001,-0.853593434
0.001,-0.85359212
0.001000001,-0.853585291
0.001000001,-0.853576495
0.001000001,-0.853573729
0.001000001,-0.853568198
0.001000002,-0.853557135
0.001000002,-0.85353501
0.001000003,-0.85349076
0.001000006,-0.853402263
0.001000011,-0.853225284
0.001000021,-0.85287138
0.001000042,-0.852163788
0.001000083,-0.850749475
0.001000165,-0.847924321
0.001000329,-0.842287878
0.001000656,-0.831070218
0.001001312,-0.808854011
0.001002622,-0.765283871
0.001005244,-0.681482557
0.001010487,-0.526404108
0.001020972,-0.260400831
0.001041944,0.133263417
0.001066944,0.42995805
0.001091944,0.60797483
0.001116944,0.714784898
0.001125001,0.738677084
0.001125001,0.738677307
0.001125001,0.738677652
0.001125002,0.738677743
0.001125002,0.738677286
0.001125002,0.738677104
0.001125002,0.73867674
0.001125003,0.738676013
0.001125003,0.738674558
0.001125004,0.738671648
0.001125007,0.738665828
0.001125012,0.738654189
0.001125022,0.738630915
0.001125043,0.738584381
0.001125084,0.738491371
0.001125166,0.738305579
0.00112533,0.737934907
0.001125657,0.737197194
0.001126313,0.735736178
0.001127623,0.732870851
0.001130245,0.727359782
0.001135488,0.717161276
0.001145973,0.699667962
0.001166945,0.673779213
0.001191945,0.654267528
0.001216945,0.642560516
0.001241945,0.63553631
0.00125,0.633965436
0.00125,0.633965468
0.00125,0.633965632
0.001250001,0.633966561
0.001250001,0.633967782
0.001250001,0.633968104
0.001250001,0.633968619
0.001250002,0.633968881
0.001250002,0.63396757
0.001250002,0.633967239
0.001250002,0.633966576
0.001250002,0.63396525
0.001250003,0.633962598
0.001250004,0.633957295
0.001250006,0.633946688
0.00125001,0.633925476
0.001250018,0.633883057
0.001250035,0.63379824
0.001250067,0.63362869
0.001250133,0.633289922
0.001250264,0.632613717
0.001250526,0.63126661
0.001251051,0.628593475
0.001252099,0.623330422
0.001254196,0.613128636
0.001258391,0.593957072
0.001266779,0.560065225
0.001283556,0.506889111
0.001308556,0.454133467
0.001333556,0.42248008
0.001358556,0.403488048
0.001375001,0.395441726
0.001375001,0.395441636
0.001375001,0.395441354
0.001375002,0.39544019
0.001375002,0.395438793
0.001375002,0.39543836
0.001375002,0.395437494
0.001375003,0.395435764
0.001375003,0.395432302
0.001375004,0.395425379
0.001375007,0.395411534
0.001375012,0.395383845
0.001375022,0.395328476
0.001375043,0.395217772
0.001375084,0.3949965
0.001375166,0.3945545
0.00137533,0.393672669
0.001375657,0.391917647
0.001376313,0.388441882
0.001377623,0.381625258
0.001380245,0.368514397
0.001385488,0.344252105
0.001395973,0.30263543
0.001416945,0.241045976
0.001441945,0.194627585
0.001466945,0.166776551
0.001491945,0.150065931
0.0015,0.146328815
0.0015,0.146328923
0.0015,0.146329437
0.001500001,0.146332267
0.001500001,0.146335964
0.001500001,0.146337002
0.001500001,0.146338821
0.001500002,0.146340925
0.001500002,0.146340473
0.001500002,0.146340126
0.001500002,0.146339431
0.001500002,0.146338042
0.001500003,0.146335263
0.001500004,0.146329706
0.001500006,0.146318593
0.00150001,0.146296367
0.001500018,0.146251922
0.001500035,0.146163053
0.001500067,0.145985401
0.001500133,0.145630448
0.001500264,0.144921935
0.001500526,0.143510467
0.001501051,0.140709615
0.001502099,0.135195105
0.001504196,0.1245059
0.001508391,0.10441836
0.001516779,0.068907235
0.001533556,0.013190484
0.001558556,-0.04208571
0.001583556,-0.075251426
0.001608556,-0.095150856
0.001625001,-0.103581613
0.001625001,-0.103581705
0.001625001,-0.103581991
0.001625002,-0.103583162
0.001625002,-0.103584566
0.001625002,-0.103585
0.001625002,-0.103585869
0.001625003,-0.103587606
0.001625003,-0.10359108
0.001625004,-0.103598028
0.001625007,-0.103611923
0.001625012,-0.103639712
0.001625022,-0.103695281
0.001625043,-0.103806384
0.001625084,-0.104028455
0.001625166,-0.104472052
0.00162533,-0.105357068
0.001625657,-0.107118428
0.001626313,-0.110606744
0.001627623,-0.117447985
0.001630245,-0.130606194
0.001635488,-0.154956105
0.001645973,-0.196723071
0.001666945,-0.258534945
0.001691945,-0.305120967
0.001716945,-0.33307258
0.001741945,-0.349843548
0.00175,-0.353594159
0.00175,-0.353594152
0.00175,-0.353594038
0.001750001,-0.353593209
0.001750001,-0.353592062
0.001750001,-0.353591761
0.001750001,-0.353591285
0.001750002,-0.353591102
0.001750002,-0.353592523
0.001750002,-0.35359287
0.001750002,-0.353593565
0.001750002,-0.353594954
0.001750003,-0.353597733
0.001750004,-0.353603292
0.001750006,-0.353614408
0.00175001,-0.353636639
0.001750018,-0.353681095
0.001750035,-0.353769987
0.001750067,-0.353947682
0.001750133,-0.354302723
0.001750264,-0.355011411
0.001750526,-0.356423227
0.001751051,-0.359224771
0.001752099,-0.364740643
0.001754196,-0.375432488
0.001758391,-0.395524987
0.001766779,-0.431044881
0.001783556,-0.486775391
0.001808556,-0.542065235
0.001833556,-0.575239141
0.001858556,-0.595143484
0.001875001,-0.603576323
0.001875001,-0.603576416
0.001875001,-0.603576702
0.001875002,-0.603577873
0.001875002,-0.603579277
0.001875002,-0.603579711
0.001875002,-0.603580579
0.001875003,-0.603582316
0.001875003,-0.603585791
0.001875004,-0.603592739
0.001875007,-0.603606634
0.001875012,-0.603634424
0.001875022,-0.603689994
0.001875043,-0.603801099
0.001875084,-0.604023175
0.001875166,-0.60446678
0.00187533,-0.605351813
0.001875657,-0.607113207
0.001876313,-0.610601592
0.001877623,-0.617442966
0.001880245,-0.630601431
0.001885488,-0.654951817
0.001895973,-0.696719596
0.001916945,-0.758532675
0.001941945,-0.805119605
0.001966945,-0.833071763
0.001991945,-0.849843057
0.002,-0.853593742
0.002,-0.853593434
0.002,-0.85359212
0.002000001,-0.853585291
0.002000001,-0.853576495
0.002000001,-0.853573729
0.002000001,-0.853568198
0.002000002,-0.853557135
0.002000002,-0.85353501
0.002000003,-0.85349076
0.002000006,-0.853402263
0.002000011,-0.853225284
0.002000021,-0.85287138
0.002000042,-0.852163788
0.002000083,-0.850749475
0.002000165,-0.847924321
0.002000329,-0.842287878
0.002000656,-0.831070218
0.002001312,-0.808854011
0.002002622,-0.765283871
0.002005244,-0.681482557
0.002010487,-0.526404108
0.002020972,-0.260400831
0.002041944,0.133263417
0.002066944,0.42995805
0.002091944,0.60797483
0.002116944,0.714784898
0.002125001,0.738677084
0.002125001,0.738677307
0.002125001,0.738677652
0.002125002,0.738677743
0.002125002,0.738677286
0.002125002,0.738677104
0.002125002,0.73867674
0.002125003,0.738676013
0.002125003,0.738674558
0.002125004,0.738671648
0.002125007,0.738665828
0.002125012,0.738654189
0.002125022,0.738630915
0.002125043,0.738584381
0.002125084,0.738491371
0.002125166,0.738305579
0.00212533,0.737934907
0.002125657,0.737197194
0.002126313,0.735736178
0.002127623,0.732870851
0.002130245,0.727359782
0.002135488,0.717161276
0.002145973,0.699667962
0.002166945,0.673779213
0.002191945,0.654267528
0.002216945,0.642560516
0.002241945,0.63553631
0.00225,0.633965436
0.00225,0.633965468
0.00225,0.633965632
0.002250001,0.633966561
0.002250001,0.633967782
0.002250001,0.633968104
0.002250001,0.633968619
0.002250002,0.633968881
0.002250002,0.63396757
0.002250002,0.633967239
0.002250002,0.633966576
0.002250002,0.63396525
0.002250003,0.633962598
0.002250004,0.633957295
0.002250006,0.633946688
0.00225001,0.633925476
0.002250018,0.633883057
0.002250035,0.63379824
0.002250067,0.63362869
0.002250133,0.633289922
0.002250264,0.632613717
0.002250526,0.63126661
0.002251051,0.628593475
0.002252099,0.623330422
0.002254196,0.613128636
0.002258391,0.593957072
0.002266779,0.560065225
0.002283556,0.506889111
0.002308556,0.454133467
0.002333556,0.42248008
0.002358556,0.403488048
0.002375001,0.395441726
0.002375001,0.395441636
0.002375001,0.395441354
0.002375002,0.39544019
0.002375002,0.395438793
0.002375002,0.39543836
0.002375002,0.395437494
0.002375003,0.395435764
0.002375003,0.395432302
0.002375004,0.395425379
0.002375007,0.395411534
0.002375012,0.395383845
0.002375022,0.395328476
0.002375043,0.395217772
0.002375084,0.3949965
0.002375166,0.3945545
0.00237533,0.393672669
0.002375657,0.391917647
0.002376313,0.388441882
0.002377623,0.381625258
0.002380245,0.368514397
0.002385488,0.344252105
0.002395973,0.30263543
0.002416945,0.241045976
0.002441945,0.194627585
0.002466945,0.166776551
0.002491945,0.150065931
0.0025,0.146328815
0.0025,0.146328923
0.0025,0.146329437
0.002500001,0.146332267
0.002500001,0.146335964
0.002500001,0.146337002
0.002500001,0.146338821
0.002500002,0.146340925
0.002500002,0.146340473
0.002500002,0.146340126
0.002500002,0.146339431
0.002500002,0.146338042
0.002500003,0.146335263
0.002500004,0.146329706
0.002500006,0.146318593
0.00250001,0.146296367
0.002500018,0.146251922
0.002500035,0.146163053
0.002500067,0.145985401
0.002500133,0.145630448
0.002500264,0.144921935
0.002500526,0.143510467
0.002501051,0.140709615
0.002502099,0.135195105
0.002504196,0.1245059
0.002508391,0.10441836
0.002516779,0.068907235
0.002533556,0.013190484
0.002558556,-0.04208571
0.002583556,-0.075251426
0.002608556,-0.095150856
0.002625001,-0.103581613
0.002625001,-0.103581705
0.002625001,-0.103581991
0.002625002,-0.103583162
0.002625002,-0.103584566
0.002625002,-0.103585
0.002625002,-0.103585869
0.002625003,-0.103587606
0.002625003,-0.10359108
0.002625004,-0.103598028
0.002625007,-0.103611923
0.002625012,-0.103639712
0.002625022,-0.103695281
0.002625043,-0.103806384
0.002625084,-0.104028455
0.002625166,-0.104472052
0.00262533,-0.105357068
0.002625657,-0.107118428
0.002626313,-0.110606744
0.002627623,-0.117447985
0.002630245,-0.130606194
0.002635488,-0.154956105
0.002645973,-0.196723071
0.002666945,-0.258534945
0.002691945,-0.305120967
0.002716945,-0.33307258
0.002741945,-0.349843548
0.00275,-0.353594159
0.00275,-0.353594152
0.00275,-0.353594038
0.002750001,-0.353593209
0.002750001,-0.353592062
0.002750001,-0.353591761
0.002750001,-0.353591285
0.002750002,-0.353591102
0.002750002,-0.353592523
0.002750002,-0.35359287
0.002750002,-0.353593565
0.002750002,-0.353594954
0.002750003,-0.353597733
0.002750004,-0.353603292
0.002750006,-0.353614408
0.00275001,-0.353636639
0.002750018,-0.353681095
0.002750035,-0.353769987
0.002750067,-0.353947682
0.002750133,-0.354302723
0.002750264,-0.355011411
0.002750526,-0.356423227
0.002751051,-0.359224771
0.002752099,-0.364740643
0.002754196,-0.375432488
0.002758391,-0.395524987
0.002766779,-0.431044881
0.002783556,-0.486775391
0.002808556,-0.542065235
0.002833556,-0.575239141
0.002858556,-0.595143484
0.002875001,-0.603576323
0.002875001,-0.603576416
0.002875001,-0.603576702
0.002875002,-0.603577873
0.002875002,-0.603579277
0.002875002,-0.603579711
0.002875002,-0.603580579
0.002875003,-0.603582316
0.002875003,-0.603585791
0.002875004,-0.603592739
0.002875007,-0.603606634
0.002875012,-0.603634424
0.002875022,-0.603689994
0.002875043,-0.603801099
0.002875084,-0.604023175
0.002875166,-0.60446678
0.00287533,-0.605351813
0.002875657,-0.607113207
0.002876313,-0.610601592
0.002877623,-0.617442966
0.002880245,-0.630601431
0.002885488,-0.654951817
0.002895973,-0.696719596
0.002916945,-0.758532675
0.002941945,-0.805119605
0.002966945,-0.833071763
0.002991945,-0.849843057
0.003,-0.853593742
0.003,-0.853593434
0.003,-0.85359212
0.003000001,-0.853585291
0.003000001,-0.853576495
0.003000001,-0.853573729
0.003000001,-0.853568198
0.003000002,-0.853557135
0.003000002,-0.85353501
0.003000003,-0.85349076
0.003000006,-0.853402263
0.003000011,-0.853225284
0.003000021,-0.85287138
0.003000042,-0.852163788
0.003000083,-0.850749475
0.003000165,-0.847924321
0.003000329,-0.842287878
0.003000656,-0.831070218
0.003001312,-0.808854011
0.003002622,-0.765283871
0.003005244,-0.681482557
0.003010487,-0.526404108
0.003020972,-0.260400831
0.003041944,0.133263417
0.003066944,0.42995805
0.003091944,0.60797483
0.003116944,0.714784898
0.003125001,0.738677084
0.003125001,0.738677307
0.003125001,0.738677652
0.003125002,0.738677743
0.003125002,0.738677286
0.003125002,0.738677104
0.003125002,0.73867674
0.003125003,0.738676013
0.003125003,0.738674558
0.003125004,0.738671648
0.003125007,0.738665828
0.003125012,0.738654189
0.003125022,0.738630915
0.003125043,0.738584381
0.003125084,0.738491371
0.003125166,0.738305579
0.00312533,0.737934907
0.003125657,0.737197194
0.003126313,0.735736178
0.003127623,0.732870851
0.003130245,0.727359782
0.003135488,0.717161276
0.003145973,0.699667962
0.003166945,0.673779213
0.003191945,0.654267528
0.003216945,0.642560516
0.003241945,0.63553631
0.00325,0.633965436
0.00325,0.633965468
0.00325,0.633965632
0.003250001,0.633966561
0.003250001,0.633967782
0.003250001,0.633968104
0.003250001,0.633968619
0.003250002,0.633968881
0.003250002,0.63396757
0.003250002,0.633967239
0.003250002,0.633966576
0.003250002,0.63396525
0.003250003,0.633962598
0.003250004,0.633957295
0.003250006,0.633946688
0.00325001,0.633925476
0.003250018,0.633883057
0.003250035,0.63379824
0.003250067,0.63362869
0.003250133,0.633289922
0.003250264,0.632613717
0.003250526,0.63126661
0.003251051,0.628593475
0.003252099,0.623330422
0.003254196,0.613128636
0.003258391,0.593957072
0.003266779,0.560065225
0.003283556,0.506889111
0.003308556,0.454133467
0.003333556,0.42248008
0.003358556,0.403488048
0.003375001,0.395441726
0.003375001,0.395441636
0.003375001,0.395441354
0.003375002,0.39544019
0.003375002,0.395438793
0.003375002,0.39543836
0.003375002,0.395437494
0.003375003,0.395435764
0.003375003,0.395432302
0.003375004,0.395425379
0.003375007,0.395411534
0.003375012,0.395383845
0.003375022,0.395328476
0.003375043,0.395217772
0.003375084,0.3949965
0.003375166,0.3945545
0.00337533,0.393672669
0.003375657,0.391917647
0.003376313,0.388441882
0.003377623,0.381625258
0.003380245,0.368514397
0.003385488,0.344252105
0.003395973,0.30263543
0.003416945,0.241045976
0.003441945,0.194627585
0.003466945,0.166776551
0.003491945,0.150065931
0.0035,0.146328815
0.0035,0.146328923
0.0035,0.146329437
0.003500001,0.146332267
0.003500001,0.146335964
0.003500001,0.146337002
0.003500001,0.146338821
0.003500002,0.146340925
0.003500002,0.146340473
0.003500002,0.146340126
0.003500002,0.146339431
0.003500002,0.146338042
0.003500003,0.146335263
0.003500004,0.146329706
0.003500006,0.146318593
0.00350001,0.146296367
0.003500018,0.146251922
0.003500035,0.146163053
0.003500067,0.145985401
0.003500133,0.145630448
0.003500264,0.144921935
0.003500526,0.143510467
0.003501051,0.140709615
0.003502099,0.135195105
0.003504196,0.1245059
0.003508391,0.10441836
0.003516779,0.068907235
0.003533556,0.013190484
0.003558556,-0.04208571
0.003583556,-0.075251426
0.003608556,-0.095150856
0.003625001,-0.103581613
0.003625001,-0.103581705
0.003625001,-0.103581991
0.003625002,-0.103583162
0.003625002,-0.103584566
0.003625002,-0.103585
0.003625002,-0.103585869
0.003625003,-0.103587606
0.003625003,-0.10359108
0.003625004,-0.103598028
0.003625007,-0.103611923
0.003625012,-0.103639712
0.003625022,-0.103695281
0.003625043,-0.103806384
0.003625084,-0.104028455
0.003625166,-0.104472052
0.00362533,-0.105357068
0.003625657,-0.107118428
0.003626313,-0.110606744
0.003627623,-0.117447985
0.003630245,-0.130606194
0.003635488,-0.154956105
0.003645973,-0.196723071
0.003666945,-0.258534945
0.003691945,-0.305120967
0.003716945,-0.33307258
0.003741945,-0.349843548
0.00375,-0.353594159
0.00375,-0.353594152
0.00375,-0.353594038
0.003750001,-0.353593209
0.003750001,-0.353592062
0.003750001,-0.353591761
0.003750001,-0.353591285
0.003750002,-0.353591102
0.003750002,-0.353592523
0.003750002,-0.35359287
0.003750002,-0.353593565
0.003750002,-0.353594954
0.003750003,-0.353597733
0.003750004,-0.353603292
0.003750006,-0.353614408
0.00375001,-0.353636639
0.003750018,-0.353681095
0.003750035,-0.353769987
0.003750067,-0.353947682
0.003750133,-0.354302723
0.003750264,-0.355011411
0.003750526,-0.356423227
0.003751051,-0.359224771
0.003752099,-0.364740643
0.003754196,-0.375432488
0.003758391,-0.395524987
0.003766779,-0.431044881
0.003783556,-0.486775391
0.003808556,-0.542065235
0.003833556,-0.575239141
0.003858556,-0.595143484
0.003875001,-0.603576323
0.003875001,-0.603576416
0.003875001,-0.603576702
0.003875002,-0.603577873
0.003875002,-0.603579277
0.003875002,-0.603579711
0.003875002,-0.603580579
0.003875003,-0.603582316
0.003875003,-0.603585791
0.003875004,-0.603592739
0.003875007,-0.603606634
0.003875012,-0.603634424
0.003875022,-0.603689994
0.003875043,-0.603801099
0.003875084,-0.604023175
0.003875166,-0.60446678
0.00387533,-0.605351813
0.003875657,-0.607113207
0.003876313,-0.610601592
0.003877623,-0.617442966
0.003880245,-0.630601431
0.003885488,-0.654951817
0.003895973,-0.696719596
0.003916945,-0.758532675
0.003941945,-0.805119605
0.003966945,-0.833071763
0.003991945,-0.849843057
0.004,-0.853593742
0.004,-0.853593434
0.004,-0.85359212
0.004000001,-0.853585291
0.004000001,-0.853576495
0.004000001,-0.853573729
0.004000001,-0.853568198
0.004000002,-0.853557135
0.004000002,-0.85353501
0.004000003,-0.85349076
0.004000006,-0.853402263
0.004000011,-0.853225284
0.004000021,-0.85287138
0.004000042,-0.852163788
0.004000083,-0.850749475
0.004000165,-0.847924321
0.004000329,-0.842287878
0.004000656,-0.831070218
0.004001312,-0.808854011
0.004002622,-0.765283871
0.004005244,-0.681482557
0.004010487,-0.526404108
0.004020972,-0.260400831
0.004041944,0.133263417
0.004066944,0.42995805
0.004091944,0.60797483
0.004116944,0.714784898
0.004125001,0.738677084
0.004125001,0.738677307
0.004125001,0.738677652
0.004125002,0.738677743
0.004125002,0.738677286
0.004125002,0.738677104
0.004125002,0.73867674
0.004125003,0.738676013
0.004125003,0.738674558
0.004125004,0.738671648
0.004125007,0.738665828
0.004125012,0.738654189
0.004125022,0.738630915
0.004125043,0.738584381
0.004125084,0.738491371
0.004125166,0.738305579
0.00412533,0.737934907
0.004125657,0.737197194
0.004126313,0.735736178
0.004127623,0.732870851
0.004130245,0.727359782
0.004135488,0.717161276
0.004145973,0.699667962
0.004166945,0.673779213
0.004191945,0.654267528
0.004216945,0.642560516
0.004241945,0.63553631
0.00425,0.633965436
0.00425,0.633965468
0.00425,0.633965632
0.004250001,0.633966561
0.004250001,0.633967782
0.004250001,0.633968104
0.004250001,0.633968619
0.004250002,0.633968881
0.004250002,0.63396757
0.004250002,0.633967239
0.004250002,0.633966576
0.004250002,0.63396525
0.004250003,0.633962598
0.004250004,0.633957295
0.004250006,0.633946688
0.00425001,0.633925476
0.004250018,0.633883057
0.004250035,0.63379824
0.004250067,0.63362869
0.004250133,0.633289922
0.004250264,0.632613717
0.004250526,0.63126661
0.004251051,0.628593475
0.004252099,0.623330422
0.004254196,0.613128636
0.004258391,0.593957072
0.004266779,0.560065225
0.004283556,0.506889111
0.004308556,0.454133467
0.004333556,0.42248008
0.004358556,0.403488048
0.004375001,0.395441726
0.004375001,0.395441636
0.004375001,0.395441354
0.004375002,0.39544019
0.004375002,0.395438793
0.004375002,0.39543836
0.004375002,0.395437494
0.004375003,0.395435764
0.004375003,0.395432302
0.004375004,0.395425379
0.004375007,0.395411534
0.004375012,0.395383845
0.004375022,0.395328476
0.004375043,0.395217772
0.004375084,0.3949965
0.004375166,0.3945545
0.00437533,0.393672669
0.004375657,0.391917647
0.004376313,0.388441882
0.004377623,0.381625258
0.004380245,0.368514397
0.004385488,0.344252105
0.004395973,0.30263543
0.004416945,0.241045976
0.004441945,0.194627585
0.004466945,0.166776551
0.004491945,0.150065931
0.0045,0.146328815
0.0045,0.146328923
0.0045,0.146329437
0.004500001,0.146332267
0.004500001,0.146335964
0.004500001,0.146337002
0.004500001,0.146338821
0.004500002,0.146340925
0.004500002,0.146340473
0.004500002,0.146340126
0.004500002,0.146339431
0.004500002,0.146338042
0.004500003,0.146335263
0.004500004,0.146329706
0.004500006,0.146318593
0.00450001,0.146296367
0.004500018,0.146251922
0.004500035,0.146163053
0.004500067,0.145985401
0.004500133,0.145630448
0.004500264,0.144921935
0.004500526,0.143510467
0.004501051,0.140709615
0.004502099,0.135195105
0.004504196,0.1245059
0.004508391,0.10441836
0.004516779,0.068907236
0.004533556,0.013190484
0.004558556,-0.04208571
0.004583556,-0.075251426
0.004608556,-0.095150856
0.004625001,-0.103581613
0.004625001,-0.103581705
0.004625001,-0.103581991
0.004625002,-0.103583162
0.004625002,-0.103584566
0.004625002,-0.103585
0.004625002,-0.103585869
0.004625003,-0.103587606
0.004625003,-0.10359108
0.004625004,-0.103598028
0.004625007,-0.103611923
0.004625012,-0.103639712
0.004625022,-0.103695281
0.004625043,-0.103806384
0.004625084,-0.104028455
0.004625166,-0.104472052
0.00462533,-0.105357068
0.004625657,-0.107118428
0.004626313,-0.110606744
0.004627623,-0.117447985
0.004630245,-0.130606194
0.004635488,-0.154956105
0.004645973,-0.196723071
0.004666945,-0.258534945
0.004691945,-0.305120967
0.004716945,-0.33307258
0.004741945,-0.349843548
0.00475,-0.353594159
0.00475,-0.353594152
0.00475,-0.353594038
0.004750001,-0.353593209
0.004750001,-0.353592062
0.004750001,-0.353591761
0.004750001,-0.353591285
0.004750002,-0.353591102
0.004750002,-0.353592523
0.004750002,-0.35359287
0.004750002,-0.353593565
0.004750002,-0.353594954
0.004750003,-0.353597733
0.004750004,-0.353603292
0.004750006,-0.353614408
0.00475001,-0.353636639
0.004750018,-0.353681095
0.004750035,-0.353769987
0.004750067,-0.353947682
0.004750133,-0.354302723
0.004750264,-0.355011411
0.004750526,-0.356423227
0.004751051,-0.359224771
0.004752099,-0.364740643
0.004754196,-0.375432488
0.004758391,-0.395524987
0.004766779,-0.431044881
0.004783556,-0.486775391
0.004808556,-0.542065235
0.004833556,-0.575239141
0.004858556,-0.595143484
0.004875001,-0.603576323
0.004875001,-0.603576416
0.004875001,-0.603576702
0.004875002,-0.603577873
0.004875002,-0.603579277
0.004875002,-0.603579711
0.004875002,-0.603580579
0.004875003,-0.603582316
0.004875003,-0.603585791
0.004875004,-0.603592739
0.004875007,-0.603606634
0.004875012,-0.603634424
0.004875022,-0.603689994
0.004875043,-0.603801099
0.004875084,-0.604023175
0.004875166,-0.60446678
0.00487533,-0.605351813
0.004875657,-0.607113207
0.004876313,-0.610601592
0.004877623,-0.617442966
0.004880245,-0.630601431
0.004885488,-0.654951817
0.004895973,-0.696719596
0.004916945,-0.758532675
0.004941945,-0.805119605
0.004966945,-0.833071763
0.004991945,-0.849843057
0.005,-0.853593742
0.005,-0.853593434
0.005,-0.85359212
0.005000001,-0.853585291
0.005000001,-0.853576495
0.005000001,-0.853573729
0.005000001,-0.853568198
0.005000002,-0.853557135
0.005000002,-0.85353501
0.005000003,-0.85349076
0.005000006,-0.853402263
0.005000011,-0.853225284
0.005000021,-0.85287138
0.005000042,-0.852163788
0.005000083,-0.850749475
0.005000165,-0.847924321
0.005000329,-0.842287878
0.005000656,-0.831070218
0.005001312,-0.808854011
0.005002622,-0.765283871
0.005005244,-0.681482557
0.005010487,-0.526404108
0.005020972,-0.260400831
0.005041944,0.133263417
0.005066944,0.42995805
0.005091944,0.60797483
0.005116944,0.714784898
0.005125001,0.738677084
0.005125001,0.738677307
0.005125001,0.738677652
0.005125002,0.738677743
0.005125002,0.738677286
0.005125002,0.738677104
0.005125002,0.73867674
0.005125003,0.738676013
0.005125003,0.738674558
0.005125004,0.738671648
0.005125007,0.738665828
0.005125012,0.738654189
0.005125022,0.738630915
0.005125043,0.738584381
0.005125084,0.738491371
0.005125166,0.738305579
0.00512533,0.737934907
0.005125657,0.737197194
0.005126313,0.735736178
0.005127623,0.732870851
0.005130245,0.727359782
0.005135488,0.717161276
0.005145973,0.699667962
0.005166945,0.673779213
0.005191945,0.654267528
0.005216945,0.642560516
0.005241945,0.63553631
0.00525,0.633965436
0.00525,0.633965468
0.00525,0.633965632
0.005250001,0.633966561
0.005250001,0.633967782
0.005250001,0.633968104
0.005250001,0.633968619
0.005250002,0.633968881
0.005250002,0.63396757
0.005250002,0.633967239
0.005250002,0.633966576
0.005250002,0.63396525
0.005250003,0.633962598
0.005250004,0.633957295
0.005250006,0.633946688
0.00525001,0.633925476
0.005250018,0.633883057
0.005250035,0.63379824
0.005250067,0.63362869
0.005250133,0.633289922
0.005250264,0.632613717
0.005250526,0.63126661
0.005251051,0.628593475
0.005252099,0.623330422
0.005254196,0.613128636
0.005258391,0.593957072
0.005266779,0.560065225
0.005283556,0.506889111
0.005308556,0.454133467
0.005333556,0.42248008
0.005358556,0.403488048
0.005375001,0.395441726
0.005375001,0.395441636
0.005375001,0.395441354
0.005375002,0.39544019
0.005375002,0.395438793
0.005375002,0.39543836
0.005375002,0.395437494
0.005375003,0.395435764
0.005375003,0.395432302
0.005375004,0.395425379
0.005375007,0.395411534
0.005375012,0.395383845
0.005375022,0.395328476
0.005375043,0.395217772
0.005375084,0.3949965
0.005375166,0.3945545
0.00537533,0.393672669
0.005375657,0.391917647
0.005376313,0.388441882
0.005377623,0.381625258
0.005380245,0.368514397
0.005385488,0.344252105
0.005395973,0.30263543
0.005416945,0.241045976
0.005441945,0.194627585
0.005466945,0.166776551
0.005491945,0.150065931
0.0055,0.146328815
0.0055,0.146328923
0.0055,0.146329437
0.005500001,0.146332267
0.005500001,0.146335964
0.005500001,0.146337002
0.005500001,0.146338821
0.005500002,0.146340925
0.005500002,0.146340473
0.005500002,0.146340126
0.005500002,0.146339431
0.005500002,0.146338042
0.005500003,0.146335263
0.005500004,0.146329706
0.005500006,0.146318593
0.00550001,0.146296367
0.005500018,0.146251922
0.005500035,0.146163053
0.005500067,0.145985401
0.005500133,0.145630448
0.005500264,0.144921935
0.005500526,0.143510467
0.005501051,0.140709615
0.005502099,0.135195105
0.005504196,0.1245059
0.005508391,0.10441836
0.005516779,0.068907235
0.005533556,0.013190484
0.005558556,-0.04208571
0.005583556,-0.075251426
0.005608556,-0.095150856
0.005625001,-0.103581613
0.005625001,-0.103581705
0.005625001,-0.103581991
0.005625002,-0.103583162
0.005625002,-0.103584566
0.005625002,-0.103585
0.005625002,-0.103585869
0.005625003,-0.103587606
0.005625003,-0.10359108
0.005625004,-0.103598028
0.005625007,-0.103611923
0.005625012,-0.103639712
0.005625022,-0.103695281
0.005625043,-0.103806384
0.005625084,-0.104028455
0.005625166,-0.104472052
0.00562533,-0.105357068
0.005625657,-0.107118428
0.005626313,-0.110606744
0.005627623,-0.117447985
0.005630245,-0.130606194
0.005635488,-0.154956105
0.005645973,-0.196723071
0.005666945,-0.258534945
0.005691945,-0.305120967
0.005716945,-0.33307258
0.005741945,-0.349843548
0.00575,-0.353594159
0.00575,-0.353594152
0.00575,-0.353594038
0.005750001,-0.353593209
0.005750001,-0.353592062
0.005750001,-0.353591761
0.005750001,-0.353591285
0.005750002,-0.353591102
0.005750002,-0.353592523
0.005750002,-0.35359287
0.005750002,-0.353593565
0.005750002,-0.353594954
0.005750003,-0.353597733
0.005750004,-0.353603292
0.005750006,-0.353614408
0.00575001,-0.353636639
0.005750018,-0.353681095
0.005750035,-0.353769987
0.005750067,-0.353947682
0.005750133,-0.354302723
0.005750264,-0.355011411
0.005750526,-0.356423227
0.005751051,-0.359224771
0.005752099,-0.364740643
0.005754196,-0.375432488
0.005758391,-0.395524987
0.005766779,-0.431044881
0.005783556,-0.486775391
0.005808556,-0.542065235
0.005833556,-0.575239141
0.005858556,-0.595143484
0.005875001,-0.603576323
0.005875001,-0.603576416
0.005875001,-0.603576702
0.005875002,-0.603577873
0.005875002,-0.603579277
0.005875002,-0.603579711
0.005875002,-0.603580579
0.005875003,-0.603582316
0.005875003,-0.603585791
0.005875004,-0.603592739
0.005875007,-0.603606634
0.005875012,-0.603634424
0.005875022,-0.603689994
0.005875043,-0.603801099
0.005875084,-0.604023175
0.005875166,-0.60446678
0.00587533,-0.605351813
0.005875657,-0.607113207
0.005876313,-0.610601592
0.005877623,-0.617442966
0.005880245,-0.630601431
0.005885488,-0.654951817
0.005895973,-0.696719596
0.005916945,-0.758532675
0.005941945,-0.805119605
0.005966945,-0.833071763
0.005991945,-0.849843057
0.006,-0.853593742
0.006,-0.853593434
0.006,-0.85359212
0.006000001,-0.853585291
0.006000001,-0.853576495
0.006000001,-0.853573729
0.006000001,-0.853568198
0.006000002,-0.853557135
0.006000002,-0.85353501
0.006000003,-0.85349076
0.006000006,-0.853402263
0.006000011,-0.853225284
0.006000021,-0.85287138
0.006000042,-0.852163788
0.006000083,-0.850749475
0.006000165,-0.847924321
0.006000329,-0.842287878
0.006000656,-0.831070218
0.006001312,-0.808854011
0.006002622,-0.765283871
0.006005244,-0.681482557
0.006010487,-0.526404108
0.006020972,-0.260400831
0.006041944,0.133263417
0.006066944,0.42995805
0.006091944,0.60797483
0.006116944,0.714784898
0.006125001,0.738677084
0.006125001,0.738677307
0.006125001,0.738677652
0.006125002,0.738677743
0.006125002,0.738677286
0.006125002,0.738677104
0.006125002,0.73867674
0.006125003,0.738676013
0.006125003,0.738674558
0.006125004,0.738671648
0.006125007,0.738665828
0.006125012,0.738654189
0.006125022,0.738630915
0.006125043,0.738584381
0.006125084,0.738491371
0.006125166,0.738305579
0.00612533,0.737934907
0.006125657,0.737197194
0.006126313,0.735736178
0.006127623,0.732870851
0.006130245,0.727359782
0.006135488,0.717161276
0.006145973,0.699667962
0.006166945,0.673779213
0.006191945,0.654267528
0.006216945,0.642560516
0.006241945,0.63553631
0.00625,0.633965436
0.00625,0.633965468
0.00625,0.633965632
0.006250001,0.633966561
0.006250001,0.633967782
0.006250001,0.633968104
0.006250001,0.633968619
0.006250002,0.633968881
0.006250002,0.63396757
0.006250002,0.633967239
0.006250002,0.633966576
0.006250002,0.63396525
0.006250003,0.633962598
0.006250004,0.633957295
0.006250006,0.633946688
0.00625001,0.633925476
0.006250018,0.633883057
0.006250035,0.63379824
0.006250067,0.63362869
0.006250133,0.633289922
0.006250264,0.632613717
0.006250526,0.63126661
0.006251051,0.628593475
0.006252099,0.623330422
0.006254196,0.613128636
0.006258391,0.593957072
0.006266779,0.560065225
0.006283556,0.506889111
0.006308556,0.454133467
0.006333556,0.42248008
0.006358556,0.403488048
0.006375001,0.395441726
0.006375001,0.395441636
0.006375001,0.395441354
0.006375002,0.39544019
0.006375002,0.395438793
0.006375002,0.39543836
0.006375002,0.395437494
0.006375003,0.395435764
0.006375003,0.395432302
0.006375004,0.395425379
0.006375007,0.395411534
0.006375012,0.395383845
0.006375022,0.395328476
0.006375043,0.395217772
0.006375084,0.3949965
0.006375166,0.3945545
0.00637533,0.393672669
0.006375657,0.391917647
0.006376313,0.388441882
0.006377623,0.381625258
0.006380245,0.368514397
0.006385488,0.344252105
0.006395973,0.30263543
0.006416945,0.241045976
0.006441945,0.194627585
0.006466945,0.166776551
0.006491945,0.150065931
0.0065,0.146328815
0.0065,0.146328923
0.0065,0.146329437
0.006500001,0.146332267
0.006500001,0.146335964
0.006500001,0.146337002
0.006500001,0.146338821
0.006500002,0.146340925
0.006500002,0.146340473
0.006500002,0.146340126
0.006500002,0.146339431
0.006500002,0.146338042
0.006500003,0.146335263
0.006500004,0.146329706
0.006500006,0.146318593
0.00650001,0.146296367
0.006500018,0.146251922
0.006500035,0.146163053
0.006500067,0.145985401
0.006500133,0.145630448
0.006500264,0.144921935
0.006500526,0.143510467
0.006501051,0.140709615
0.006502099,0.135195105
0.006504196,0.1245059
0.006508391,0.10441836
0.006516779,0.068907236
0.006533556,0.013190484
0.006558556,-0.04208571
0.006583556,-0.075251426
0.006608556,-0.095150856
0.006625001,-0.103581613
0.006625001,-0.103581705
0.006625001,-0.103581991
0.006625002,-0.103583162
0.006625002,-0.103584566
0.006625002,-0.103585
0.006625002,-0.103585869
0.006625003,-0.103587606
0.006625003,-0.10359108
0.006625004,-0.103598028
0.006625007,-0.103611923
0.006625012,-0.103639712
0.006625022,-0.103695281
0.006625043,-0.103806384
0.006625084,-0.104028455
0.006625166,-0.104472052
0.00662533,-0.105357068
0.006625657,-0.107118428
0.006626313,-0.110606744
0.006627623,-0.117447985
0.006630245,-0.130606194
0.006635488,-0.154956105
0.006645973,-0.196723071
0.006666945,-0.258534945
0.006691945,-0.305120967
0.006716945,-0.33307258
0.006741945,-0.349843548
0.00675,-0.353594159
0.00675,-0.353594152
0.00675,-0.353594038
0.006750001,-0.353593209
0.006750001,-0.353592062
0.006750001,-0.353591761
0.006750001,-0.353591285
0.006750002,-0.353591102
0.006750002,-0.353592523
0.006750002,-0.35359287
0.006750002,-0.353593565
0.006750002,-0.353594954
0.006750003,-0.353597733
0.006750004,-0.353603292
0.006750006,-0.353614408
0.00675001,-0.353636639
0.006750018,-0.353681095
0.006750035,-0.353769987
0.006750067,-0.353947682
0.006750133,-0.354302723
0.006750264,-0.355011411
0.006750526,-0.356423227
0.006751051,-0.359224771
0.006752099,-0.364740643
0.006754196,-0.375432488
0.006758391,-0.395524987
0.006766779,-0.431044881
0.006783556,-0.486775391
0.006808556,-0.542065235
0.006833556,-0.575239141
0.006858556,-0.595143484
0.006875001,-0.603576323
0.006875001,-0.603576416
0.006875001,-0.603576702
0.006875002,-0.603577873
0.006875002,-0.603579277
0.006875002,-0.603579711
0.006875002,-0.603580579
0.006875003,-0.603582316
0.006875003,-0.603585791
0.006875004,-0.603592739
0.006875007,-0.603606634
0.006875012,-0.603634424
0.006875022,-0.603689994
0.006875043,-0.603801099
0.006875084,-0.604023175
0.006875166,-0.60446678
0.00687533,-0.605351813
0.006875657,-0.607113207
0.006876313,-0.610601592
0.006877623,-0.617442966
0.006880245,-0.630601431
0.006885488,-0.654951817
0.006895973,-0.696719596
0.006916945,-0.758532675
0.006941945,-0.805119605
0.006966945,-0.833071763
0.006991945,-0.849843057
0.007,-0.853593742
0.007,-0.853593434
0.007,-0.85359212
0.007000001,-0.853585291
0.007000001,-0.853576495
0.007000001,-0.853573729
0.007000001,-0.853568198
0.007000002,-0.853557135
0.007000002,-0.85353501
0.007000003,-0.85349076
0.007000006,-0.853402263
0.007000011,-0.853225284
0.007000021,-0.85287138
0.007000042,-0.852163788
0.007000083,-0.850749475
0.007000165,-0.847924321
0.007000329,-0.842287878
0.007000656,-0.831070218
0.007001312,-0.808854011
0.007002622,-0.765283871
0.007005244,-0.681482557
0.007010487,-0.526404108
0.007020972,-0.260400831
0.007041944,0.133263417
0.007066944,0.42995805
0.007091944,0.60797483
0.007116944,0.714784898
0.007125001,0.738677084
0.007125001,0.738677307
0.007125001,0.738677652
0.007125002,0.738677743
0.007125002,0.738677286
0.007125002,0.738677104
0.007125002,0.73867674
0.007125003,0.738676013
0.007125003,0.738674558
0.007125004,0.738671648
0.007125007,0.738665828
0.007125012,0.738654189
0.007125022,0.738630915
0.007125043,0.738584381
0.007125084,0.738491371
0.007125166,0.738305579
0.00712533,0.737934907
0.007125657,0.737197194
0.007126313,0.735736178
0.007127623,0.732870851
0.007130245,0.727359782
0.007135488,0.717161276
0.007145973,0.699667962
0.007166945,0.673779213
0.007191945,0.654267528
0.007216945,0.642560516
0.007241945,0.63553631
0.00725,0.633965436
0.00725,0.633965468
0.00725,0.633965632
0.007250001,0.633966561
0.007250001,0.633967782
0.007250001,0.633968104
0.007250001,0.633968619
0.007250002,0.633968881
0.007250002,0.63396757
0.007250002,0.633967239
0.007250002,0.633966576
0.007250002,0.63396525
0.007250003,0.633962598
0.007250004,0.633957295
0.007250006,0.633946688
0.00725001,0.633925476
0.007250018,0.633883057
0.007250035,0.63379824
0.007250067,0.63362869
0.007250133,0.633289922
0.007250264,0.632613717
0.007250526,0.63126661
0.007251051,0.628593475
0.007252099,0.623330422
0.007254196,0.613128636
0.007258391,0.593957072
0.007266779,0.560065225
0.007283556,0.506889111
0.007308556,0.454133467
0.007333556,0.42248008
0.007358556,0.403488048
0.007375001,0.395441726
0.007375001,0.395441636
0.007375001,0.395441354
0.007375002,0.39544019
0.007375002,0.395438793
0.007375002,0.39543836
0.007375002,0.395437494
0.007375003,0.395435764
0.007375003,0.395432302
0.007375004,0.395425379
0.007375007,0.395411534
0.007375012,0.395383845
0.007375022,0.395328476
0.007375043,0.395217772
0.007375084,0.3949965
0.007375166,0.3945545
0.00737533,0.393672669
0.007375657,0.391917647
0.007376313,0.388441882
0.007377623,0.381625258
0.007380245,0.368514397
0.007385488,0.344252105
0.007395973,0.30263543
0.007416945,0.241045976
0.007441945,0.194627585
0.007466945,0.166776551
0.007491945,0.150065931
0.0075,0.146328815
0.0075,0.146328923
0.0075,0.146329437
0.007500001,0.146332267
0.007500001,0.146335964
0.007500001,0.146337002
0.007500001,0.146338821
0.007500002,0.146340925
0.007500002,0.146340473
0.007500002,0.146340126
0.007500002,0.146339431
0.007500002,0.146338042
0.007500003,0.146335263
0.007500004,0.146329706
0.007500006,0.146318593
0.00750001,0.146296367
0.007500018,0.146251922
0.007500035,0.146163053
0.007500067,0.145985401
0.007500133,0.145630448
0.007500264,0.144921935
0.007500526,0.143510467
0.007501051,0.140709615
0.007502099,0.135195105
0.007504196,0.1245059
0.007508391,0.10441836
0.007516779,0.068907235
0.007533556,0.013190484
0.007558556,-0.04208571
0.007583556,-0.075251426
0.007608556,-0.095150856
0.007625001,-0.103581613
0.007625001,-0.103581705
0.007625001,-0.103581991
0.007625002,-0.103583162
0.007625002,-0.103584566
0.007625002,-0.103585
0.007625002,-0.103585869
0.007625003,-0.103587606
0.007625003,-0.10359108
0.007625004,-0.103598028
0.007625007,-0.103611923
0.007625012,-0.103639712
0.007625022,-0.103695281
0.007625043,-0.103806384
0.007625084,-0.104028455
0.007625166,-0.104472052
0.00762533,-0.105357068
0.007625657,-0.107118428
0.007626313,-0.110606744
0.007627623,-0.117447985
0.007630245,-0.130606194
0.007635488,-0.154956105
0.007645973,-0.196723071
0.007666945,-0.258534945
0.007691945,-0.305120967
0.007716945,-0.33307258
0.007741945,-0.349843548
0.00775,-0.353594159
0.00775,-0.353594152
0.00775,-0.353594038
0.007750001,-0.353593209
0.007750001,-0.353592062
0.007750001,-0.353591761
0.007750001,-0.353591285
0.007750002,-0.353591102
0.007750002,-0.353592523
0.007750002,-0.35359287
0.007750002,-0.353593565
0.007750002,-0.353594954
0.007750003,-0.353597733
0.007750004,-0.353603292
0.007750006,-0.353614408
0.00775001,-0.353636639
0.007750018,-0.353681095
0.007750035,-0.353769987
0.007750067,-0.353947682
0.007750133,-0.354302723
0.007750264,-0.355011411
0.007750526,-0.356423227
0.007751051,-0.359224771
0.007752099,-0.364740643
0.007754196,-0.375432488
0.007758391,-0.395524987
0.007766779,-0.431044881
0.007783556,-0.486775391
0.007808556,-0.542065235
0.007833556,-0.575239141
0.007858556,-0.595143484
0.007875001,-0.603576323
0.007875001,-0.603576416
0.007875001,-0.603576702
0.007875002,-0.603577873
0.007875002,-0.603579277
0.007875002,-0.603579711
0.007875002,-0.603580579
0.007875003,-0.603582316
0.007875003,-0.603585791
0.007875004,-0.603592739
0.007875007,-0.603606634
0.007875012,-0.603634424
0.007875022,-0.603689994
0.007875043,-0.603801099
0.007875084,-0.604023175
0.007875166,-0.60446678
0.00787533,-0.605351813
0.007875657,-0.607113207
0.007876313,-0.610601592
0.007877623,-0.617442966
0.007880245,-0.630601431
0.007885488,-0.654951817
0.007895973,-0.696719596
0.007916945,-0.758532675
0.007941945,-0.805119605
0.007966945,-0.833071763
0.007991945,-0.849843057
0.008,-0.853593742
0.008,-0.853593434
0.008,-0.85359212
0.008000001,-0.853585291
0.008000001,-0.853576495
0.008000001,-0.853573729
0.008000001,-0.853568198
0.008000002,-0.853557135
0.008000002,-0.85353501
0.008000003,-0.85349076
0.008000006,-0.853402263
0.008000011,-0.853225284
0.008000021,-0.85287138
0.008000042,-0.852163788
0.008000083,-0.850749475
0.008000165,-0.847924321
0.008000329,-0.842287878
0.008000656,-0.831070218
0.008001312,-0.808854011
0.008002622,-0.765283871
0.008005244,-0.681482557
0.008010487,-0.526404108
0.008020972,-0.260400831
0.008041944,0.133263417
0.008066944,0.42995805
0.008091944,0.60797483
0.008116944,0.714784898
0.008125001,0.738677084
0.008125001,0.738677307
0.008125001,0.738677652
0.008125002,0.738677743
0.008125002,0.738677286
0.008125002,0.738677104
0.008125002,0.73867674
0.008125003,0.738676013
0.008125003,0.738674558
0.008125004,0.738671648
0.008125007,0.738665828
0.008125012,0.738654189
0.008125022,0.738630915
0.008125043,0.738584381
0.008125084,0.738491371
0.008125166,0.738305579
0.00812533,0.737934907
0.008125657,0.737197194
0.008126313,0.735736178
0.008127623,0.732870851
0.008130245,0.727359782
0.008135488,0.717161276
0.008145973,0.699667962
0.008166945,0.673779213
0.008191945,0.654267528
0.008216945,0.642560516
0.008241945,0.63553631
0.00825,0.633965436
0.00825,0.633965468
0.00825,0.633965632
0.008250001,0.633966561
0.008250001,0.633967782
0.008250001,0.633968104
0.008250001,0.633968619
0.008250002,0.633968881
0.008250002,0.63396757
0.008250002,0.633967239
0.008250002,0.633966576
0.008250002,0.63396525
0.008250003,0.633962598
0.008250004,0.633957295
0.008250006,0.633946688
0.00825001,0.633925476
0.008250018,0.633883057
0.008250035,0.63379824
0.008250067,0.63362869
0.008250133,0.633289922
0.008250264,0.632613717
0.008250526,0.63126661
0.008251051,0.628593475
0.008252099,0.623330422
0.008254196,0.613128636
0.008258391,0.593957072
0.008266779,0.560065225
0.008283556,0.506889111
0.008308556,0.454133467
0.008333556,0.42248008
0.008358556,0.403488048
0.008375001,0.395441726
0.008375001,0.395441636
0.008375001,0.395441354
0.008375002,0.39544019
0.008375002,0.395438793
0.008375002,0.39543836
0.008375002,0.395437494
0.008375003,0.395435764
0.008375003,0.395432302
0.008375004,0.395425379
0.008375007,0.395411534
0.008375012,0.395383845
0.008375022,0.395328476
0.008375043,0.395217772
0.008375084,0.3949965
0.008375166,0.3945545
0.00837533,0.393672669
0.008375657,0.391917647
0.008376313,0.388441882
0.008377623,0.381625258
0.008380245,0.368514397
0.008385488,0.344252105
0.008395973,0.30263543
0.008416945,0.241045976
0.008441945,0.194627585
0.008466945,0.166776551
0.008491945,0.150065931
0.0085,0.146328815
0.0085,0.146328923
0.0085,0.146329437
0.008500001,0.146332267
0.008500001,0.146335964
0.008500001,0.146337002
0.008500001,0.146338821
0.008500002,0.146340925
0.008500002,0.146340473
0.008500002,0.146340126
0.008500002,0.146339431
0.008500002,0.146338042
0.008500003,0.146335263
0.008500004,0.146329706
0.008500006,0.146318593
0.00850001,0.146296367
0.008500018,0.146251922
0.008500035,0.146163053
0.008500067,0.145985401
0.008500133,0.145630448
0.008500264,0.144921935
0.008500526,0.143510467
0.008501051,0.140709615
0.008502099,0.135195105
0.008504196,0.1245059
0.008508391,0.10441836
0.008516779,0.068907236
0.008533556,0.013190484
0.008558556,-0.04208571
0.008583556,-0.075251426
0.008608556,-0.095150856
0.008625001,-0.103581613
0.008625001,-0.103581705
0.008625001,-0.103581991
0.008625002,-0.103583162
0.008625002,-0.103584566
0.008625002,-0.103585
0.008625002,-0.103585869
0.008625003,-0.103587606
0.008625003,-0.10359108
0.008625004,-0.103598028
0.008625007,-0.103611923
0.008625012,-0.103639712
0.008625022,-0.103695281
0.008625043,-0.103806384
0.008625084,-0.104028455
0.008625166,-0.104472052
0.00862533,-0.105357068
0.008625657,-0.107118428
0.008626313,-0.110606744
0.008627623,-0.117447985
0.008630245,-0.130606194
0.008635488,-0.154956105
0.008645973,-0.196723071
0.008666945,-0.258534945
0.008691945,-0.305120967
0.008716945,-0.33307258
0.008741945,-0.349843548
0.00875,-0.353594159
0.00875,-0.353594152
0.00875,-0.353594038
0.008750001,-0.353593209
0.008750001,-0.353592062
0.008750001,-0.353591761
0.008750001,-0.353591285
0.008750002,-0.353591102
0.008750002,-0.353592523
0.008750002,-0.35359287
0.008750002,-0.353593565
0.008750002,-0.353594954
0.008750003,-0.353597733
0.008750004,-0.353603292
0.008750006,-0.353614408
0.00875001,-0.353636639
0.008750018,-0.353681095
0.008750035,-0.353769987
0.008750067,-0.353947682
0.008750133,-0.354302723
0.008750264,-0.355011411
0.008750526,-0.356423227
0.008751051,-0.359224771
0.008752099,-0.364740643
0.008754196,-0.375432488
0.008758391,-0.395524987
0.008766779,-0.431044881
0.008783556,-0.486775391
0.008808556,-0.542065235
0.008833556,-0.575239141
0.008858556,-0.595143484
0.008875001,-0.603576323
0.008875001,-0.603576416
0.008875001,-0.603576702
0.008875002,-0.603577873
0.008875002,-0.603579277
0.008875002,-0.603579711
0.008875002,-0.603580579
0.008875003,-0.603582316
0.008875003,-0.603585791
0.008875004,-0.603592739
0.008875007,-0.603606634
0.008875012,-0.603634424
0.008875022,-0.603689994
0.008875043,-0.603801099
0.008875084,-0.604023175
0.008875166,-0.60446678
0.00887533,-0.605351813
0.008875657,-0.607113207
0.008876313,-0.610601592
0.008877623,-0.617442966
0.008880245,-0.630601431
0.008885488,-0.654951817
0.008895973,-0.696719596
0.008916945,-0.758532675
0.008941945,-0.805119605
0.008966945,-0.833071763
0.008991945,-0.849843057
0.009,-0.853593742
0.009,-0.853593434
0.009,-0.85359212
0.009000001,-0.853585291
0.009000001,-0.853576495
0.009000001,-0.853573729
0.009000001,-0.853568198
0.009000002,-0.853557135
0.009000002,-0.85353501
0.009000003,-0.85349076
0.009000006,-0.853402263
0.009000011,-0.853225284
0.009000021,-0.85287138
0.009000042,-0.852163788
0.009000083,-0.850749475
0.009000165,-0.847924321
0.009000329,-0.842287878
0.009000656,-0.831070218
0.009001312,-0.808854011
0.009002622,-0.765283871
0.009005244,-0.681482557
0.009010487,-0.526404108
0.009020972,-0.260400831
0.009041944,0.133263417
0.009066944,0.42995805
0.009091944,0.60797483
0.009116944,0.714784898
0.009125001,0.738677084
0.009125001,0.738677307
0.009125001,0.738677652
0.009125002,0.738677743
0.009125002,0.738677286
0.009125002,0.738677104
0.009125002,0.73867674
0.009125003,0.738676013
0.009125003,0.738674558
0.009125004,0.738671648
0.009125007,0.738665828
0.009125012,0.738654189
0.009125022,0.738630915
0.009125043,0.738584381
0.009125084,0.738491371
0.009125166,0.738305579
0.00912533,0.737934907
0.009125657,0.737197194
0.009126313,0.735736178
0.009127623,0.732870851
0.009130245,0.727359782
0.009135488,0.717161276
0.009145973,0.699667962
0.009166945,0.673779213
0.009191945,0.654267528
0.009216945,0.642560516
0.009241945,0.63553631
0.00925,0.633965436
0.00925,0.633965468
0.00925,0.633965632
0.009250001,0.633966561
0.009250001,0.633967782
0.009250001,0.633968104
0.009250001,0.633968619
0.009250002,0.633968881
0.009250002,0.633967571
0.009250002,0.633967239
0.009250002,0.633966576
0.009250002,0.63396525
0.009250003,0.633962598
0.009250004,0.633957295
0.009250006,0.633946688
0.00925001,0.633925476
0.009250018,0.633883057
0.009250035,0.63379824
0.009250067,0.63362869
0.009250133,0.633289922
0.009250264,0.632613717
0.009250526,0.63126661
0.009251051,0.628593475
0.009252099,0.623330422
0.009254196,0.613128636
0.009258391,0.593957072
0.009266779,0.560065225
0.009283556,0.506889111
0.009308556,0.454133467
0.009333556,0.42248008
0.009358556,0.403488048
0.009375001,0.395441726
0.009375001,0.395441636
0.009375001,0.395441354
0.009375002,0.39544019
0.009375002,0.395438793
0.009375002,0.39543836
0.009375002,0.395437494
0.009375003,0.395435764
0.009375003,0.395432302
0.009375004,0.395425379
0.009375007,0.395411534
0.009375012,0.395383845
0.009375022,0.395328476
0.009375043,0.395217772
0.009375084,0.3949965
0.009375166,0.3945545
0.00937533,0.393672669
0.009375657,0.391917647
0.009376313,0.388441882
0.009377623,0.381625258
0.009380245,0.368514397
0.009385488,0.344252105
0.009395973,0.30263543
0.009416945,0.241045976
0.009441945,0.194627585
0.009466945,0.166776551
0.009491945,0.150065931
0.0095,0.146328815
0.0095,0.146328923
0.0095,0.146329437
0.009500001,0.146332267
0.009500001,0.146335964
0.009500001,0.146337002
0.009500001,0.146338821
0.009500002,0.146340925
0.009500002,0.146340473
0.009500002,0.146340126
0.009500002,0.146339431
0.009500002,0.146338042
0.009500003,0.146335263
0.009500004,0.146329706
0.009500006,0.146318593
0.00950001,0.146296367
0.009500018,0.146251922
0.009500035,0.146163053
0.009500067,0.145985401
0.009500133,0.145630448
0.009500264,0.144921935
0.009500526,0.143510467
0.009501051,0.140709615
0.009502099,0.135195105
0.009504196,0.1245059
0.009508391,0.10441836
0.009516779,0.068907236
0.009533556,0.013190484
0.009558556,-0.04208571
0.009583556,-0.075251426
0.009608556,-0.095150856
0.009625001,-0.103581613
0.009625001,-0.103581705
0.009625001,-0.103581991
0.009625002,-0.103583162
0.009625002,-0.103584566
0.009625002,-0.103585
0.009625002,-0.103585869
0.009625003,-0.103587606
0.009625003,-0.10359108
0.009625004,-0.103598028
0.009625007,-0.103611923
0.009625012,-0.103639712
0.009625022,-0.103695281
0.009625043,-0.103806384
0.009625084,-0.104028455
0.009625166,-0.104472052
0.00962533,-0.105357068
0.009625657,-0.107118428
0.009626313,-0.110606744
0.009627623,-0.117447985
0.009630245,-0.130606194
0.009635488,-0.154956105
0.009645973,-0.196723071
0.009666945,-0.258534945
0.009691945,-0.305120967
0.009716945,-0.33307258
0.009741945,-0.349843548
0.00975,-0.353594159
0.00975,-0.353594152
0.00975,-0.353594038
0.009750001,-0.353593209
0.009750001,-0.353592062
0.009750001,-0.353591761
0.009750001,-0.353591285
0.009750002,-0.353591102
0.009750002,-0.353592523
0.009750002,-0.35359287
0.009750002,-0.353593565
0.009750002,-0.353594954
0.009750003,-0.353597733
0.009750004,-0.353603292
0.009750006,-0.353614408
0.00975001,-0.353636639
0.009750018,-0.353681095
0.009750035,-0.353769987
0.009750067,-0.353947682
0.009750133,-0.354302723
0.009750264,-0.355011411
0.009750526,-0.356423227
0.009751051,-0.359224771
0.009752099,-0.364740643
0.009754196,-0.375432488
0.009758391,-0.395524987
0.009766779,-0.431044881
0.009783556,-0.486775391
0.009808556,-0.542065235
0.009833556,-0.575239141
0.009858556,-0.595143484
0.009875001,-0.603576323
0.009875001,-0.603576416
0.009875001,-0.603576702
0.009875002,-0.603577873
0.009875002,-0.603579277
0.009875002,-0.603579711
0.009875002,-0.603580579
0.009875003,-0.603582316
0.009875003,-0.603585791
0.009875004,-0.603592739
0.009875007,-0.603606634
0.009875012,-0.603634424
0.009875022,-0.603689994
0.009875043,-0.603801099
0.009875084,-0.604023175
0.009875166,-0.60446678
0.00987533,-0.605351813
0.009875657,-0.607113207
0.009876313,-0.610601592
0.009877623,-0.617442966
0.009880245,-0.630601431
0.009885488,-0.654951817
0.009895973,-0.696719596
0.009916945,-0.758532675
0.009941945,-0.805119605
0.009966945,-0.833071763
0.009991945,-0.849843057
0.01,-0.853593742
